,gimme_92_MDmodule_Motif.12.3,gimme_105_Improbizer_AACACACGTTTATTAGATGTTT,gimme_143_MEME_4_w12,gimme_146_MEME_7_w12,gimme_102_Improbizer_GCGTTATACCCGAGGATCAG,gimme_16_BioProspector_w12_1,gimme_132_MEME_3_w10,gimme_104_Improbizer_GTGCAACGGAGAGT,DME_MARKGDSRGA,DME_ARRTCYKVRG,gimme_13_BioProspector_w10_3,DME_GRHTGDTGA,DME_GADGAYKAS,DME_ACDGWGMYA,DME_GATYTKRHG
AT3G57690,7.250263684430939,4.8297382846050425,5.931814138253839,3.0254883072626715,4.279014255846261,5.638272163982407,5.277366077466188,4.101823516502323,4.434152181326482,3.070581074285707,5.394694953858891,4.486782399932061,5.048662481204082,5.394694953858891,4.327902142064283
AT1G49270,4.351639989019068,7.137868620686962,4.701146923590294,4.838631997765025,4.320572103387881,4.809668301829708,4.399027104313252,3.423658649794207,5.610833915635467,5.694648630553377,5.694648630553377,4.148130399270234,5.048662481204082,4.8326826652518236,4.327902142064283
AT3G18810,4.311580177997289,7.137868620686962,6.688246138944246,5.459670525209126,5.962573502059376,6.118615343229427,4.399027104313252,5.605548319173784,4.070581074285707,5.694648630553377,5.694648630553377,4.341988603342887,4.276544327964814,4.8326826652518236,5.308918507877031
AT4G30590,3.140861702705469,3.3242216583259148,6.950781977329818,3.8477116556169437,3.8297382846050425,3.288192770958809,3.958607314841775,2.85078088734462,3.835647144215563,2.4975728800155674,3.0114410431213843,3.1023729087095586,3.530177984021837,3.669586226650809,3.3757179041643317
AT3G01700,4.3819519032879075,6.617982957425132,4.913640169325252,6.886056647693163,6.137272471682025,5.33161408331,4.703334809738469,5.347753658996677,4.950781977329818,5.954677021213342,4.987162775294828,5.394694953858891,5.394694953858891,3.370590400897281,5.048662481204082
AT1G54215,4.5951662833800615,5.815308569182402,2.8601209135987635,6.886056647693163,6.072116589669293,2.9318141382538383,4.08196966321512,3.3685562309868278,3.3027706572402824,3.214670164989233,3.0074464821678646,3.0190880622231564,4.692503962086787,4.145693958198919,4.166215625343521
AT5G14380,4.6307841425898575,6.863279432843593,5.099086932262331,5.029188389127482,4.394694953858891,4.752026733638194,3.899629454882437,4.063486257521107,5.610833915635467,4.441291429466834,4.681936665037238,4.341988603342887,5.394694953858891,5.394694953858891,3.555955204081924
AT1G10620,4.028260409112222,3.0199966284162536,3.430626090384954,4.605548319173784,6.2949920406666635,2.958607314841775,4.804100347590766,3.749579997691106,4.262807357295262,3.4436974992327127,4.718966632752273,3.2471835688117285,4.3819519032879075,4.217527375833714,4.703334809738469
AT3G24540,3.258848401148215,3.3914739664228057,6.292429823902063,3.2298847052128985,4.525783735923745,3.2932822176632413,2.688246138944246,3.5575202309355514,3.844663962534938,2.744727494896694,3.1493537648169334,4.341988603342887,4.692503962086787,3.157390760389438,3.0390538042661683
AT1G23540,3.838631997765025,4.285670240254767,6.206209615309181,4.982966660701219,4.696803942579511,3.9706162223147903,3.480172006224281,3.58838029403677,4.494850021680094,3.329754146925876,2.3946949538588904,5.13430394008393,4.787812395596042,3.1163385648463824,4.411168274405793
AT4G32710,4.104577453960593,3.9281179926938745,3.473660722610156,2.6108339156354674,3.3635121036466344,6.152427340857888,2.6270879970298933,3.3260580013659125,3.166215625343521,3.896196279044043,3.0305840876460186,3.669586226650809,3.6216020990518625,2.812479279163537,3.6108339156354674
AT5G40940,4.116338564846382,2.9030899869919438,3.3027706572402824,3.5575202309355514,4.924453038607469,3.7931741239681505,6.127261172527331,3.9030899869919438,3.9430951486635273,3.486782399932061,2.632644078973981,3.906578314837765,3.09312646527793,2.9913998282380825,4.198596289982645
AT1G24520,4.040481623027002,5.217527375833714,6.072116589669293,4.521433504406157,4.137868620686963,4.486782399932061,4.767003889607846,5.935542010773082,2.9430951486635273,5.534617148551582,4.815308569182402,4.692503962086787,3.6635402661514704,4.377785977033705,4.284832642151542
AT2G24450,5.030584087646019,4.023191662661934,5.2403321553103694,5.380906669373257,4.521433504406157,5.1444808443322,4.142064735280571,6.066512712151295,3.1079053973095196,5.18111458540599,5.18111458540599,5.394694953858891,3.6216020990518625,4.97469413473523,5.048662481204082
AT4G31370,4.153044674980176,3.4056074496245734,2.9546770212133424,3.1824346304402193,3.1745738822321767,3.2740883677049517,3.4485500020271247,4.267606240177032,5.954677021213342,3.159893905543242,4.213958789757446,3.2335871528876003,3.7351821769904636,3.87942606879415,3.665546248849069
AT3G60900,3.709965388637482,3.176525770829699,3.9507819773298185,3.1567672219019904,3.570247719997592,3.3635121036466344,3.5072396109731625,4.074172425375258,5.954677021213342,3.135488918941608,2.468521082957745,4.425968732272281,3.838631997765025,2.7931741239681505,4.284832642151542
AT4G34440,4.308034897232639,5.841637507904751,5.892790030352131,4.826813731587726,4.179798540514359,3.560667306169737,5.208309350979882,3.612610173661271,4.598599459218456,4.515700160653214,4.531652669587842,3.5543957967264026,2.8664610916297826,4.121478204498794,3.665546248849069
AT5G53870,2.607303046740334,3.294992040666664,5.7544873321858505,3.3809066693732572,3.6363880201078556,3.517126416391246,3.580044251510242,3.9706162223147903,3.3555614105321614,3.1791420105603,3.709965388637482,4.1732774798310075,3.9208187539523753,3.614393726401688,3.2992962828549808
AT4G32490,3.370590400897281,3.96657624451305,3.0856568428805593,4.3223930472795065,5.600326278518962,2.5185573714976948,3.329754146925876,3.3279021420642825,3.2350770153501114,3.0525662781129492,5.694648630553377,4.425968732272281,4.692503962086787,4.8326826652518236,3.2992962828549808
AT4G33970,3.8507808873446203,5.590066876668706,4.995678626217358,5.673664139071248,5.449771646944906,4.607303046740334,4.22548303427145,4.30715308072277,4.465973893943865,4.634512015109101,4.7447274948966935,5.394694953858891,3.0540392964224314,3.607303046740334,3.217527375833714
AT3G20850,3.562249437179612,3.453457336521869,2.987162775294828,5.619788758288394,2.96657624451305,3.2448877336049287,3.7594507517174005,3.838631997765025,3.9208187539523753,3.8013429130455774,2.9430951486635273,3.593459819566045,3.4596705252091264,2.555955204081924,3.396855627379818
AT1G09460,3.465973893943865,3.284832642151542,3.484126156288321,3.5100415205751654,3.55129368009492,3.692503962086787,3.0555173278498313,3.749579997691106,5.610833915635467,4.025028005701931,4.815308569182402,3.1023729087095586,3.217527375833714,3.505845405981557,3.6363880201078556
AT2G35860,3.0915149811213505,3.272458742971444,5.5968794788241825,4.5718652059712115,3.7569619513137056,2.94692155651658,3.3010299956639813,4.1090204030103115,2.8041003475907664,3.6736641390712483,3.4271283977995197,2.9746941347352296,3.4596705252091264,3.7520267336381936,4.826813731587726
AT2G18470,3.9829666607012197,4.289882634888183,3.0639892042847903,3.158640529545145,3.494850021680094,5.570247719997592,2.4609239012072233,3.415668775632469,4.040958607678906,3.191789027075778,3.207608310501746,3.853871964321762,2.673664139071249,3.38933983691012,3.665546248849069
AT1G62440,4.0675262353228465,3.607303046740334,4.133712660915805,4.234331445240986,3.0385789059335515,3.586700235918748,5.521433504406157,3.274905478918531,3.348721986001856,3.3990271043132516,3.3979400086720375,4.341988603342887,3.7351821769904636,4.413412695328245,3.712198270069774
AT1G03870,3.853871964321762,3.5114492834995557,2.962573502059376,3.248720896016658,3.4559319556497243,3.7351821769904636,3.0996328713435295,4.057991946977687,5.473660722610156,4.892790030352131,3.088842391260023,3.749579997691106,3.5900668766687054,2.8632794328435933,3.326979092871104
AT5G19800,3.0168249279621873,3.2636034977233574,3.7399286120149253,4.542118103266008,3.688246138944246,3.832682665251824,5.440093374963888,3.3169529617611504,3.204815410317576,3.573488738635425,2.8827287043442356,2.85078088734462,3.9956786262173574,3.0371573187987577,3.282329496997738
AT5G59170,3.5272435506827877,3.4485500020271247,3.2132485778544386,3.4341521813264824,3.9430951486635273,4.447331783887806,2.9546770212133424,4.185086818724926,3.707743928643524,4.3260580013659125,4.47755576649368,5.394694953858891,3.5900668766687054,3.8068754016455384,3.217527375833714
AT2G21140,5.0670191780768015,4.2373214362725635,3.073143291050308,3.694648630553376,3.570247719997592,3.3045183235098023,2.431798275933005,2.785156151952302,2.774690718274137,3.095284454721319,2.9913998282380825,3.3242216583259148,5.394694953858891,3.05453141486818,4.411168274405793
AT4G40090,3.4436974992327127,3.5243288116755704,2.598599459218456,3.7986028756795487,4.616184634019569,4.450996737974212,3.1284270644541214,3.148130399270234,3.5072396109731625,2.91721462968355,3.492144128304169,2.958607314841775,5.394694953858891,3.4522252946121776,3.6478174818886373
AT4G31840,4.47755576649368,3.7471469690201067,3.073143291050308,3.684029654543082,3.140861702705469,3.4145392704914994,4.29073003902417,3.485452247339714,3.050122295963125,3.0767559813697236,4.120330794367947,3.2781893847874533,5.394694953858891,3.2790142558462607,3.3757179041643317
AT3G06360,4.200659450546418,4.308034897232639,3.0639892042847903,3.6458915608525992,3.6968039425795114,3.876148359032914,2.692503962086787,4.206209615309182,5.349692476868063,4.051098239029786,2.8601209135987635,3.853871964321762,3.838631997765025,2.586700235918748,3.571865205971211
AT4G22470,3.109020403010311,4.000434511774017,3.382999658879101,5.175223537524454,3.7825160557860937,5.33161408331,3.30715308072277,3.6289321377282637,3.6595558851598815,4.441291429466834,2.812479279163537,3.8927900303521317,3.6439741428068775,2.6090648928966207,3.4190750243243806
AT5G09530,4.39577394691553,3.0127807700919953,2.896196279044043,3.8297382846050425,3.067019178076802,4.005243055412372,3.198596289982645,3.013676222949235,3.4723700991286615,3.0177287669604316,3.7520267336381936,3.049635145623877,3.2518119729937998,3.341035157335565,5.308918507877031
AT3G20570,3.7986028756795487,3.769551078621726,2.9507819773298185,4.838631997765025,3.5575202309355514,3.75448733218585,3.598599459218456,3.856985199745905,3.785156151952302,3.7594507517174005,3.178486471595227,3.593459819566045,3.5228787452803374,2.9208187539523753,5.308918507877031
AT5G18690,4.698970004336019,3.75448733218585,2.7986028756795487,3.1617807780923743,2.8664610916297826,3.3458234581220396,2.705533773838407,3.167491087293764,3.692503962086787,3.906578314837765,3.87942606879415,3.721246399047171,2.9507819773298185,3.614393726401688,5.308918507877031
AT5G11990,3.8297382846050425,3.494850021680094,2.6655462488490693,5.279014255846261,3.4190750243243806,3.7619538968712045,3.6020599913279625,4.392544976785332,3.677780705266081,3.795880017344075,4.47755576649368,3.0570004066339593,3.3419886033428874,4.591760034688151,3.7772835288524167
AT3G52370,3.7931741239681505,2.8827287043442356,5.270025714300444,3.3872161432802645,3.600326278518962,3.3535962737769305,2.8664610916297826,4.346787486224656,3.38933983691012,3.6090648928966207,3.575118363368933,4.042392712939905,2.6819366650372385,3.8068754016455384,3.555955204081924
AT5G11740,3.6736641390712483,5.255707016877324,2.4377071355435254,3.0190880622231564,2.709965388637482,3.6595558851598815,2.899629454882437,3.4609239012072233,4.019996628416254,3.214670164989233,3.8632794328435933,4.042392712939905,3.6439741428068775,3.38933983691012,4.703334809738469
AT2G10940,4.785156151952302,5.137272471682025,4.164309428507575,4.009217308196862,3.040005161671584,3.665546248849069,3.7328282715969863,4.667561540084395,2.889410289700751,3.1972262747080245,2.9136401693252516,3.9956786262173574,3.6216020990518625,3.0467236633326955,3.2365720064370627
AT5G06390,3.0510982390297863,3.6989700043360187,2.8013429130455774,3.3565473235138126,3.4122890349810886,4.826813731587726,4.035740369803151,3.521433504406157,3.642065152999546,3.4814860601221125,5.13430394008393,3.3798639450262424,3.7644715530924513,4.97469413473523,3.396855627379818
AT1G62760,2.8096683018297086,5.089375595110798,2.417936637088291,2.8632794328435933,3.022733787572707,3.079876673709276,2.7825160557860937,3.500312917381596,3.6903698325741012,3.486782399932061,3.032920265855503,2.696803942579511,3.7644715530924513,2.815308569182401,3.0741724253752576
AT1G62500,3.7986028756795487,3.2448877336049287,4.010550182333308,3.275724130399211,3.958607314841775,3.413412695328245,4.116338564846382,2.72584215073632,3.8927900303521317,3.9355420107730814,5.073143291050307,3.153662887870195,3.2932822176632413,4.176525770829699,3.939302159646388
AT1G26150,5.0670191780768015,4.647817481888637,2.669586226650809,2.844663962534938,4.525783735923745,3.6497519816658373,2.8096683018297086,3.571865205971211,3.223298816011589,4.192464971931146,4.235077015350112,3.669586226650809,3.9507819773298185,4.247183568811728,3.35261702988538
AT1G51915,4.09799710864927,4.130181792020672,3.9136401693252516,3.2700257143004445,3.8664610916297826,2.696803942579511,3.0109953843014634,3.2765443279648143,3.2765443279648143,2.3716110699496884,2.876148359032914,3.669586226650809,5.048662481204082,2.9546770212133424,3.114638779968488
AT3G53330,4.209714835966758,2.72584215073632,3.703334809738469,3.1209041204999273,3.684029654543082,4.010550182333308,3.245651664288981,3.7644715530924513,3.204815410317576,4.192464971931146,3.8416375079047502,3.593459819566045,5.048662481204082,3.9913998282380825,3.6478174818886373
AT2G27380,3.384049948343599,4.721246399047171,2.7399286120149253,2.815308569182401,3.6635402661514704,2.6497519816658373,3.489454989793388,3.089375595110799,3.876148359032914,3.0809219076239263,2.8041003475907664,3.906578314837765,5.048662481204082,2.8181564120552274,3.6478174818886373
AT1G03820,3.9430951486635273,3.869666231504994,4.080398976215889,3.5900668766687054,4.790484985457369,3.703334809738469,2.38933983691012,3.1643094285075746,3.844663962534938,3.090979145788844,3.3555614105321614,3.853871964321762,5.048662481204082,3.109578981199086,3.217527375833714
AT3G28550,3.6903698325741012,3.657577319177794,2.486782399932061,3.886056647693163,3.3757179041643317,2.899629454882437,3.4341521813264824,3.0830199526796176,2.571865205971211,4.252588192113577,3.3496924768680634,3.3615107430453626,5.048662481204082,2.570247719997592,3.8601209135987635
AT3G20865,3.7399286120149253,2.939302159646388,4.196542884351586,5.029188389127482,2.8728952016351923,4.607303046740334,3.1687703061329366,2.709965388637482,4.149966742310231,2.8416375079047502,2.9913998282380825,3.3615107430453626,2.688246138944246,3.1643094285075746,3.8827287043442356
AT5G38560,3.1580151954098863,3.480172006224281,5.026872146400302,3.8239087409443187,3.465973893943865,3.580044251510242,3.3151546383555877,3.3233063903751336,4.070581074285707,3.0476919903378747,3.224025668870631,3.4145392704914994,3.838631997765025,3.0809219076239263,3.812479279163537
AT5G55730,3.505845405981557,5.014573525916998,3.521433504406157,3.8210230527068303,3.3946949538588904,4.012333735073725,3.4436974992327127,3.354577730650908,3.54821356447571,4.0851281824599495,3.7878123955960423,4.913640169325252,3.6216020990518625,2.958607314841775,3.6478174818886373
AT4G08370,3.575118363368933,3.3151546383555877,5.014124642691606,3.688246138944246,3.638272163982407,3.9355420107730814,5.013228265733755,4.396855627379818,4.040958607678906,3.886056647693163,3.285670240254767,4.014573525916998,3.178486471595227,3.2069083998234196,3.712198270069774
AT2G47930,3.7644715530924513,3.277366077466188,2.9430951486635273,4.13608262304214,5.013228265733755,3.625251653989896,4.542118103266008,3.6861327796308467,3.2350770153501114,4.009217308196862,2.6516951369518393,3.8239087409443187,3.493494967595128,2.9913998282380825,4.703334809738469
AT3G19020,3.832682665251824,3.5316526695878427,3.413412695328245,3.0675262353228465,4.97061622231479,3.8416375079047502,3.4596705252091264,3.413412695328245,2.774690718274137,3.7594507517174005,3.2628073572952627,3.3615107430453626,4.913640169325252,3.1951793212788377,3.6108339156354674
AT5G24105,3.6363880201078556,4.966576244513051,3.2262135550188065,2.9829666607012197,3.39577394691553,2.9318141382538383,3.232102383981909,3.183758700008217,4.104025267640935,3.207608310501746,3.417936637088291,3.0570004066339593,2.6038006529042637,3.4522252946121776,4.703334809738469
AT1G68725,3.585026652029182,3.6363880201078556,3.0619809025237896,4.804100347590766,3.5543957967264026,4.364516253185088,3.774690718274137,4.950781977329818,3.7904849854573692,4.217527375833714,3.563837352959244,3.9788107009300617,3.7644715530924513,3.2684112348132612,3.9546770212133424
AT2G23990,3.0969100130080562,3.5686362358410126,3.266000713461613,3.6635402661514704,4.920818753952375,3.0963674839157624,3.576754126063192,3.291579099865287,4.681936665037238,3.3990271043132516,3.285670240254767,3.0190880622231564,4.465973893943865,3.1643094285075746,3.5917600346881504
AT2G32300,4.018181392829336,4.099086932262331,4.345823458122039,4.276544327964814,4.017728766960431,3.571865205971211,3.431798275933005,3.404503778174426,3.462180904926726,3.1112590393171073,3.071092309756047,4.913640169325252,4.787812395596042,3.38933983691012,4.703334809738469
AT5G06920,2.899629454882437,3.2740883677049517,3.1034737825104446,3.9430951486635273,3.8477116556169437,3.832682665251824,4.308034897232639,3.7351821769904636,3.642065152999546,3.473660722610156,3.570247719997592,3.9956786262173574,4.913640169325252,3.583359492661719,3.7986028756795487
AT5G06640,4.404503778174426,2.962573502059376,3.126679398184601,3.0277971616209354,4.265200170411153,4.13430394008393,2.6363880201078556,4.910094888560602,2.58838029403677,3.219682687859849,3.3018994543766103,3.3946949538588904,3.7644715530924513,3.38933983691012,4.284832642151542
AT1G70460,2.9244530386074694,4.906578314837765,3.595166283380062,3.9244530386074694,2.835647144215563,3.1958605676646497,2.91721462968355,2.7594507517174005,4.104025267640935,3.170696227168975,4.009217308196862,3.2781893847874533,3.3419886033428874,3.4522252946121776,3.555955204081924
AT3G61640,3.614393726401688,4.787812395596042,3.5543957967264026,3.9507819773298185,3.619788758288394,3.8297382846050425,2.4559319556497243,2.96657624451305,4.6595558851598815,4.00436480540245,4.903089986991944,3.3615107430453626,3.384049948343599,3.3279021420642825,3.939302159646388
AT3G22070,3.570247719997592,3.614393726401688,3.3585258894959007,3.5228787452803374,2.8927900303521317,3.0619809025237896,4.882728704344236,3.0145735259169983,3.9746941347352296,3.2975694635544746,4.153662887870195,3.2471835688117285,3.3306831194338877,3.374687549038326,3.3757179041643317
AT2G20520,3.190440285364732,3.3726341434072675,3.939302159646388,2.8210230527068307,4.860120913598763,4.429457060118103,3.7721132953863266,2.9788107009300617,3.2924298239020637,3.7471469690201067,3.2932822176632413,3.3798639450262424,3.4596705252091264,3.05453141486818,3.3757179041643317
AT3G06750,3.2189630613788682,4.066512712151295,4.826813731587726,3.350665141287858,3.9746941347352296,4.151810883008602,2.8927900303521317,3.136677139879544,3.2765443279648143,2.9956786262173574,4.651695136951839,4.692503962086787,3.9507819773298185,4.7594507517174005,3.35261702988538
AT2G44790,3.580044251510242,3.2269453066357374,3.3089185078770313,3.045275209020937,2.906578314837765,4.429457060118103,2.795880017344075,3.6861327796308467,2.9355420107730814,3.486782399932061,3.1605219526258015,2.744727494896694,3.4596705252091264,4.591760034688151,4.826813731587726
AT4G11430,3.2291479883578558,3.832682665251824,3.065501548756432,4.801342913045577,2.9956786262173574,2.87942606879415,3.774690718274137,3.0177287669604316,3.5654310959658013,2.869666231504994,3.6289321377282637,3.153662887870195,2.939302159646388,3.7594507517174005,4.411168274405793
AT1G12040,3.9746941347352296,3.8416375079047502,4.772113295386326,3.5228787452803374,3.201349354554731,3.7986028756795487,3.4436974992327127,3.0565054840938974,3.6989700043360187,3.4400933749638876,3.3555614105321614,4.297569463554475,3.607303046740334,3.9913998282380825,3.343901797987168
AT2G14890,3.596879478824182,3.853871964321762,3.0963674839157624,3.2410881076020264,3.1426675035687315,3.1214782044987937,3.374687549038326,4.732828271596986,3.962573502059376,3.070581074285707,2.9788107009300617,3.669586226650809,3.2932822176632413,2.7619538968712045,3.571865205971211
AT2G41905,3.774690718274137,3.5016894462103996,3.1249387366083,2.767003889607846,3.2388241868442686,4.72584215073632,2.6757175447023074,2.812479279163537,3.6038006529042637,3.51427857351842,3.709965388637482,3.749579997691106,3.1931419704811828,3.614393726401688,3.396855627379818
AT4G18670,3.370590400897281,4.707743928643524,3.5543957967264026,3.6289321377282637,2.709965388637482,2.96657624451305,3.18575240426808,3.769551078621726,3.9208187539523753,2.8827287043442356,3.075204004202088,2.8827287043442356,2.6861327796308467,2.856985199745905,3.055024091587952
AT3G46550,3.2967086218813386,2.7304870557820835,3.2628073572952627,3.5272435506827877,3.625251653989896,4.590066876668706,2.9208187539523753,3.596879478824182,3.835647144215563,4.370590400897281,4.025028005701931,3.3615107430453626,3.248720896016658,3.709965388637482,4.703334809738469
AT1G63530,3.896196279044043,3.2328441339178196,2.72584215073632,3.0604807473813813,2.962573502059376,3.5243288116755704,3.3675427078152755,3.5783960731301687,4.060480747381382,2.8181564120552274,3.7423214251308154,3.2471835688117285,3.5128616245228135,3.2790142558462607,4.703334809738469
AT4G16140,4.122628654130226,3.869666231504994,4.698970004336019,3.496209316942819,4.189767482004916,3.815308569182401,2.8827287043442356,4.195179321278838,3.876148359032914,3.416801226031377,3.1643094285075746,3.669586226650809,3.906578314837765,3.4775557664936803,3.6478174818886373
AT2G15880,3.7986028756795487,3.5257837359237447,3.192464971931147,4.287350298372789,4.696803942579511,2.939302159646388,3.3675427078152755,3.245651664288981,3.5243288116755704,3.2448877336049287,3.187755303199631,4.425968732272281,3.9507819773298185,4.073143291050307,3.364516253185088
AT5G21160,3.567030709125594,4.130181792020672,3.0830199526796176,3.585026652029182,4.694648630553377,3.261219441515631,3.207608310501746,3.642065152999546,3.6216020990518625,3.095284454721319,2.832682665251824,3.2335871528876003,3.6635402661514704,3.2790142558462607,3.619788758288394
AT5G14920,3.774690718274137,3.0958256317158366,3.9244530386074694,3.441291429466834,4.089375595110798,3.4609239012072233,3.3010299956639813,4.0996328713435295,3.96657624451305,2.6270879970298933,4.291579099865287,4.692503962086787,4.534617148551582,2.779891911959945,3.245651664288981
AT2G28440,3.55129368009492,3.552841968657781,3.0599818449923366,3.0056828473303634,3.96657624451305,3.465973893943865,3.4436974992327127,3.6216020990518625,3.0958256317158366,3.1493537648169334,2.677780705266081,4.598599459218456,4.692503962086787,3.640164517660112,4.411168274405793
AT5G56540,3.3555614105321614,3.571865205971211,2.7619538968712045,3.05453141486818,3.661543506395395,2.812479279163537,2.362510270487489,3.1023729087095586,3.844663962534938,2.9136401693252516,2.886056647693163,4.692503962086787,3.2932822176632413,2.785156151952302,4.037157318798758
AT5G25550,3.1804560644581312,4.681936665037238,3.484126156288321,3.6675615400843946,4.09799710864927,3.400116927926312,2.630784142589857,3.573488738635425,2.7931741239681505,3.5900668766687054,3.489454989793388,3.0190880622231564,3.555955204081924,2.359518563029578,3.170053304058364
AT5G64310,3.4294570601181023,4.675717544702307,2.774690718274137,4.486782399932061,2.8927900303521317,3.3115801779972895,3.3861581781239307,3.3027706572402824,3.876148359032914,2.87942606879415,3.109020403010311,4.341988603342887,3.9507819773298185,3.294992040666664,3.7878123955960423
AT2G43150,3.223298816011589,3.211831628858832,3.6861327796308467,2.939302159646388,2.856985199745905,4.675717544702307,3.3516399890190685,3.032920265855503,3.0840727883028842,2.8632794328435933,3.384049948343599,3.769551078621726,3.8041003475907664,3.5199930570428495,3.7423214251308154
AT2G47530,2.826813731587726,3.9706162223147903,2.485452247339714,3.503070351926785,2.87942606879415,3.261219441515631,4.671620396561262,3.0083309926200514,4.277366077466188,3.6736641390712483,3.4341521813264824,3.2781893847874533,3.2041199826559246,3.596879478824182,3.1040252676409352
AT4G26320,4.250263684430939,3.4485500020271247,2.838631997765025,3.33161408331,2.703334809738469,3.6055483191737836,3.1791420105603,3.338187314462739,4.6595558851598815,3.8632794328435933,3.7423214251308154,3.3124710387853655,3.350665141287858,3.258848401148215,3.712198270069774
AT1G70990,4.621602099051862,4.293282217663241,3.619788758288394,3.6989700043360187,3.126679398184601,4.159266765388193,3.7235381958267557,2.8601209135987635,3.484126156288321,3.3615107430453626,2.705533773838407,3.906578314837765,3.6216020990518625,3.721246399047171,4.411168274405793
AT3G12660,3.669586226650809,3.425968732272281,4.102372908709558,3.350665141287858,3.9746941347352296,3.6736641390712483,3.047207556955908,2.85078088734462,3.7423214251308154,3.6020599913279625,3.232102383981909,4.341988603342887,3.939302159646388,2.7569619513137056,4.607303046740334
AT1G26240,3.896196279044043,4.025028005701931,3.0254883072626715,3.567030709125594,2.7594507517174005,3.199282921717615,2.24184537803261,3.703334809738469,4.070581074285707,2.8728952016351923,3.1249387366083,4.598599459218456,3.0877779434675845,3.1163385648463824,3.5114492834995557
AT4G38770,2.8416375079047502,4.504455662453552,2.9208187539523753,3.1771783546968955,3.0190880622231564,2.530177984021837,2.5128616245228135,4.2839966563652006,2.6757175447023074,3.0604807473813813,3.2975694635544746,4.598599459218456,3.5900668766687054,3.0809219076239263,3.665546248849069
AT5G15780,3.258848401148215,3.4122890349810886,3.6861327796308467,2.906578314837765,3.8664610916297826,4.161150909262744,2.9829666607012197,3.692503962086787,3.812479279163537,3.530177984021837,3.2464169411070936,3.2276782932770804,4.598599459218456,3.614393726401688,4.411168274405793
AT4G08410,4.5951662833800615,3.9244530386074694,2.645891560852599,3.3344190089820467,3.593459819566045,4.020907099361674,3.492144128304169,3.4609239012072233,3.96657624451305,3.0525662781129492,2.4461169733561254,3.3242216583259148,3.2716462179787715,2.3798639450262424,3.0433514207947967
AT4G16980,4.5951662833800615,3.3695721249749764,3.9355420107730814,3.015922966097169,3.9030899869919438,3.54821356447571,3.258060922270801,3.692503962086787,3.8239087409443187,3.319664486585437,2.844663962534938,3.0660068361687576,2.91721462968355,2.4934949675951277,3.7423214251308154
AT4G08400,4.5951662833800615,3.9281179926938745,2.958607314841775,3.3344190089820467,3.5243288116755704,3.500312917381596,3.492144128304169,3.571865205971211,3.721246399047171,3.0525662781129492,2.393618634889395,3.3242216583259148,3.6439741428068775,2.248720896016658,3.2992962828549808
AT2G46330,4.328827157284917,3.6497519816658373,3.712198270069774,2.562249437179612,3.196542884351586,4.438898616350944,2.578396073130169,2.9507819773298185,3.612610173661271,3.5900668766687054,4.554395796726403,3.3946949538588904,3.0491485411114536,4.413412695328245,3.170053304058364
AT3G11700,4.552841968657781,3.028260409112222,2.5734887386354246,3.573488738635425,3.1034737825104446,3.4881166390211256,3.1791420105603,3.9355420107730814,3.360513510731414,3.4111682744057927,3.071092309756047,3.8239087409443187,2.853871964321762,3.413412695328245,3.0741724253752576
AT1G28290,4.536107011014093,2.9507819773298185,2.815308569182401,3.1129456219490432,3.5783960731301687,3.284832642151542,2.567030709125594,2.7189666327522723,3.5243288116755704,3.795880017344075,3.3353580244438743,3.2781893847874533,3.575118363368933,3.1372724716820253,3.080398976215889
AT5G49280,3.2403321553103694,3.042392712939905,3.661543506395395,3.232102383981909,4.3223930472795065,3.0056828473303634,2.38933983691012,3.053547734986927,3.1463017882238256,2.8013429130455774,2.5016894462103996,3.749579997691106,4.534617148551582,2.8096683018297086,3.0433514207947967
AT2G45000,3.3665315444204134,2.9430951486635273,4.274088367704952,3.8181564120552274,3.987162775294828,4.031984286006359,3.18575240426808,2.645891560852599,3.688246138944246,3.3353580244438743,2.6556077263148894,3.0660068361687576,4.534617148551582,3.294992040666664,3.899629454882437
AT5G12880,2.8181564120552274,3.6819366650372385,2.7594507517174005,2.910094888560602,2.9355420107730814,2.9507819773298185,3.374687549038326,3.036212172654445,4.204815410317576,4.025028005701931,4.531652669587842,3.1958605676646497,3.6216020990518625,3.721246399047171,3.6478174818886373
AT3G54590,4.247183568811728,3.6595558851598815,3.136677139879544,3.8927900303521317,4.128427064454121,3.886056647693163,3.364516253185088,3.3205721033878812,3.199282921717615,2.709965388637482,4.515700160653214,3.8239087409443187,4.311580177997289,3.5590909179347823,3.8827287043442356
AT1G31250,2.7825160557860937,3.388276691992658,3.1824346304402193,2.645891560852599,2.8477116556169437,3.178486471595227,2.9244530386074694,2.8297382846050425,3.3353580244438743,4.515700160653214,3.045275209020937,2.7399286120149253,2.87942606879415,3.024568191490737,4.411168274405793
AT4G37450,2.721246399047171,3.7986028756795487,3.744727494896694,3.425968732272281,4.360513510731414,3.6716203965612624,3.2684112348132612,4.500312917381596,3.438898616350944,3.4814860601221125,3.0177287669604316,3.4436974992327127,3.6635402661514704,3.0123337350737254,3.537602002101044
AT1G15190,3.55129368009492,3.219682687859849,3.573488738635425,2.9281179926938745,3.3925449767853313,3.987162775294828,3.5900668766687054,3.109578981199086,3.5072396109731625,3.939302159646388,2.6270879970298933,4.486782399932061,3.838631997765025,3.213958789757446,3.7423214251308154
AT5G10430,3.707743928643524,3.896196279044043,2.7304870557820835,3.2984320149440727,3.050122295963125,2.8827287043442356,3.714442690992226,3.6736641390712483,3.54821356447571,3.013676222949235,3.8416375079047502,4.486782399932061,3.1931419704811828,2.958607314841775,3.343901797987168
AT4G12730,3.560667306169737,3.321481620959886,3.4584207560534193,3.707743928643524,3.55129368009492,3.96657624451305,2.876148359032914,3.7423214251308154,3.844663962534938,3.106793246940152,3.1426675035687315,2.958607314841775,3.889410289700751,4.4723700991286615,3.2365720064370627
AT3G60280,3.5086383061657274,3.567030709125594,2.8601209135987635,3.7235381958267557,2.6655462488490693,3.575118363368933,4.066006836168758,3.8507808873446203,4.465973893943865,3.0560111249262283,3.090443970758825,3.5114492834995557,4.056505484093897,3.148130399270234,4.252588192113577
AT3G60270,4.286509456906058,3.707743928643524,2.701146923590293,3.2898826348881838,3.24184537803261,4.429457060118103,2.290730039024169,3.0809219076239263,3.503070351926785,3.2254830342714502,3.8416375079047502,3.485452247339714,3.838631997765025,2.958607314841775,3.26440110030182
AT1G63540,3.1432711096171175,3.72584215073632,3.6861327796308467,3.2700257143004445,3.4122890349810886,2.9244530386074694,4.049635145623877,3.197910742118267,3.844663962534938,3.0560111249262283,3.826813731587726,3.0920514783877278,3.374687549038326,4.413412695328245,2.987162775294828
AT2G24980,4.404503778174426,4.18111458540599,3.4710832997223453,4.080921907623926,2.7721132953863266,3.6345120151091,2.7931741239681505,3.1804560644581312,3.5243288116755704,3.090979145788844,3.3535962737769305,3.2781893847874533,2.6478174818886373,3.832682665251824,4.411168274405793
AT5G03170,3.8664610916297826,3.104577453960592,3.416801226031377,3.3655227298392685,3.910094888560602,3.7375489102695707,3.2533658010624213,3.284832642151542,3.9746941347352296,3.0476919903378747,3.2464169411070936,4.297569463554475,3.906578314837765,3.3133637307377066,4.411168274405793
AT2G26720,3.4122890349810886,3.42021640338319,3.33161408331,3.0190880622231564,3.090443970758825,3.560667306169737,3.6345120151091,3.6989700043360187,3.129596094720973,3.3353580244438743,3.3809066693732572,2.4365189146055894,2.8664610916297826,2.8477116556169437,4.411168274405793
AT5G56330,4.078833949362261,3.408935392973501,2.8068754016455384,3.0039263455147247,3.217527375833714,4.400116927926312,3.9244530386074694,3.0043648054024503,4.070581074285707,4.051098239029786,3.87942606879415,3.5114492834995557,3.9507819773298185,3.614393726401688,3.7423214251308154
AT3G22800,3.721246399047171,4.38933983691012,4.393618634889395,3.1567672219019904,3.5272435506827877,4.126098402135539,3.2132485778544386,3.1278437272517072,3.812479279163537,3.2549252084179425,3.600326278518962,3.3615107430453626,3.350665141287858,4.145693958198919,3.9546770212133424
AT5G25090,3.657577319177794,3.3726341434072675,3.8664610916297826,4.384049948343599,3.642065152999546,3.7904849854573692,3.0277971616209354,3.5016894462103996,3.96657624451305,3.6458915608525992,2.812479279163537,3.1186153432294272,3.9507819773298185,3.213958789757446,4.327902142064283
AT4G27520,3.0462403082667713,3.3106911408763797,3.939302159646388,3.4190750243243806,3.8297382846050425,3.5346171485515816,3.595166283380062,3.6903698325741012,4.056011124926228,3.431798275933005,3.207608310501746,4.297569463554475,4.3819519032879075,3.289036881004724,3.396855627379818
AT3G19430,3.45717457304082,3.492144128304169,3.279840696594043,4.359518563029578,3.7619538968712045,2.856985199745905,2.571865205971211,3.279840696594043,3.9208187539523753,2.910094888560602,3.337242168318426,3.669586226650809,3.0083309926200514,3.3133637307377066,3.1232050237992994
AT4G09030,3.0861861476162833,4.226945306635737,3.055024091587952,3.137868620686963,2.896196279044043,3.4078232426041333,3.489454989793388,3.092588639225414,2.7328282715969863,3.319664486585437,3.679853713888946,4.341988603342887,3.374687549038326,4.247183568811728,3.5917600346881504
AT5G53250,2.9913998282380825,3.0070049015686586,3.3477536589966768,3.703334809738469,3.767003889607846,3.521433504406157,3.087246696328677,2.9208187539523753,3.869666231504994,2.767003889607846,3.7772835288524167,3.728158393463501,4.276544327964814,4.338187314462739,3.7878123955960423
AT1G02405,3.562249437179612,4.3325470471100465,2.75448733218585,4.287350298372789,2.7569619513137056,3.123782159408358,3.0034883278458215,3.6736641390712483,3.9208187539523753,3.062482107982653,3.1681302257194983,3.3946949538588904,3.9507819773298185,3.178486471595227,3.665546248849069
AT3G24480,2.8477116556169437,3.3306831194338877,2.876148359032914,3.9355420107730814,3.208309350979882,3.1384655891409623,3.0457574905606752,3.1745738822321767,3.826813731587726,3.2471835688117285,3.224025668870631,3.5543957967264026,3.6635402661514704,3.024568191490737,4.327902142064283
AT5G60490,3.465973893943865,3.2464169411070936,2.413412695328245,3.7644715530924513,4.320572103387881,2.886056647693163,2.462180904926726,3.306273051076353,3.707743928643524,3.2254830342714502,3.709965388637482,2.5100415205751654,2.9318141382538383,3.5590909179347823,3.2365720064370627
AT3G11030,3.2335871528876003,3.9469215565165805,3.0,3.6989700043360187,3.2027324591692836,3.6090648928966207,3.489454989793388,3.2097148359667584,4.045275209020937,3.886056647693163,3.1944991418415998,3.3615107430453626,4.276544327964814,3.614393726401688,3.252588192113577
AT5G44130,3.9469215565165805,3.958607314841775,4.262012673666569,3.701146923590293,3.8927900303521317,3.9829666607012197,2.7904849854573692,3.2479515521805613,3.3027706572402824,3.238072161579471,4.133712660915805,3.853871964321762,4.238072161579471,3.258848401148215,3.396855627379818
AT1G55330,3.258848401148215,4.078313524516398,3.3205721033878812,2.9546770212133424,3.8239087409443187,3.3979400086720375,3.38933983691012,4.24184537803261,3.625251653989896,2.9136401693252516,3.2975694635544746,2.7375489102695707,3.6216020990518625,2.9913998282380825,3.343901797987168
AT2G45470,3.0969100130080562,3.3685562309868278,3.707743928643524,3.9030899869919438,3.266000713461613,2.692503962086787,3.3675427078152755,3.5100415205751654,3.826813731587726,2.3585258894959007,3.8416375079047502,3.4145392704914994,4.238072161579471,3.9913998282380825,3.5228787452803374
AT4G28365,2.835647144215563,3.6458915608525992,2.7931741239681505,3.570247719997592,3.6020599913279625,3.6989700043360187,2.8927900303521317,3.1643094285075746,3.835647144215563,3.0767559813697236,2.9030899869919438,3.795880017344075,4.238072161579471,3.2041199826559246,3.619788758288394
AT4G08380,3.2027324591692836,4.2247537402597635,2.9030899869919438,3.8239087409443187,3.2247537402597635,4.185752404268079,3.9244530386074694,2.7931741239681505,3.3106911408763797,4.192464971931146,3.2464169411070936,3.0570004066339593,3.1062382379420566,3.614393726401688,3.571865205971211
AT5G19810,4.1700533040583645,4.211124884224583,3.5128616245228135,3.5228787452803374,3.7399286120149253,3.9244530386074694,2.9208187539523753,3.657577319177794,4.0,3.4672456210075024,3.095284454721319,4.042392712939905,3.2932822176632413,3.540607512240769,3.571865205971211
AT5G26330,4.209714835966758,3.8181564120552274,2.721246399047171,3.4788619162959638,3.3516399890190685,3.0096611452123985,3.0277971616209354,3.4647058799572297,3.9208187539523753,3.404503778174426,2.8827287043442356,3.3615107430453626,3.6635402661514704,2.7471469690201067,3.3344190089820467
AT1G21310,3.197910742118267,3.6478174818886373,2.7825160557860937,3.1870866433571443,3.1203307943679466,4.1904402853647325,2.653647025549361,3.832682665251824,3.517126416391246,2.6861327796308467,3.2276782932770804,2.906578314837765,2.5331323796458904,3.360513510731414,3.619788758288394
AT5G06630,4.189095719331299,3.853871964321762,3.7569619513137056,3.910094888560602,3.6038006529042637,3.1771783546968955,2.75448733218585,3.6861327796308467,3.166215625343521,3.0476919903378747,3.505845405981557,3.3798639450262424,3.6216020990518625,3.962573502059376,3.4710832997223453
AT2G23130,3.7471469690201067,3.6595558851598815,3.6289321377282637,3.2557070168773237,2.85078088734462,3.122628654130226,3.2865094569060576,4.078313524516398,3.0958256317158366,3.5243288116755704,3.9355420107730814,2.8181564120552274,2.96657624451305,4.176525770829699,3.537602002101044
AT1G15825,3.370590400897281,3.8507808873446203,3.6458915608525992,3.1260984021355385,2.9030899869919438,4.017728766960431,3.6179829574251317,3.217527375833714,2.886056647693163,3.886056647693163,2.826813731587726,4.1732774798310075,3.5086383061657274,2.835647144215563,2.835647144215563
AT1G54970,3.2898826348881838,3.4596705252091264,3.2448877336049287,3.3565473235138126,3.1337126609158052,3.2765443279648143,3.0746879085003505,3.2898826348881838,2.614393726401688,2.87942606879415,3.585026652029182,4.148130399270234,3.0491485411114536,3.178486471595227,3.396855627379818
AT2G04780,3.779891911959945,4.148130399270234,3.679853713888946,3.567030709125594,2.9030899869919438,3.7471469690201067,3.1687703061329366,2.8927900303521317,2.779891911959945,3.0222763947111524,3.3467874862246565,3.785156151952302,3.6635402661514704,2.9030899869919438,3.080398976215889
AT4G13340,3.5272435506827877,3.46344155742847,3.020451625295905,4.141462802430361,2.9913998282380825,3.619788758288394,2.2557070168773237,4.051098239029786,3.7520267336381936,4.009217308196862,3.1426675035687315,3.1186153432294272,3.6216020990518625,2.703334809738469,3.364516253185088
AT3G22120,3.779891911959945,4.118615343229427,3.4056074496245734,3.2924298239020637,2.5257837359237447,2.744727494896694,3.7189666327522723,3.0056828473303634,3.9208187539523753,3.1112590393171073,2.8068754016455384,3.853871964321762,2.6179829574251317,3.1643094285075746,3.844663962534938
AT3G50580,3.517126416391246,2.8632794328435933,3.3027706572402824,3.237321436272564,3.377785977033705,3.5900668766687054,4.106238237942057,2.7569619513137056,4.077793722560983,2.785156151952302,3.585026652029182,3.669586226650809,3.6635402661514704,3.709965388637482,3.9208187539523753
AT1G26250,3.42021640338319,3.596879478824182,3.00788851221305,2.570247719997592,2.75448733218585,3.05453141486818,3.503070351926785,3.224025668870631,3.9208187539523753,3.2975694635544746,3.028724151261895,3.5543957967264026,4.105130343254747,2.7931741239681505,3.080398976215889
AT2G33790,3.4509967379742124,4.102922996790579,3.7904849854573692,2.8632794328435933,3.39577394691553,3.2225731776106885,3.09312646527793,3.2426039712069756,3.166215625343521,3.1811145854059903,3.1824346304402193,3.4436974992327127,2.6108339156354674,2.91721462968355,3.4710832997223453
AT2G25060,3.5421181032660076,3.6216020990518625,3.54515513999149,2.96657624451305,2.6595558851598815,3.614393726401688,4.092051478387727,3.2596373105057563,3.2765443279648143,3.4672456210075024,3.705533773838407,3.0660068361687576,3.5228787452803374,3.9913998282380825,3.571865205971211
AT4G15160,3.832682665251824,3.4609239012072233,3.4522252946121776,3.1636758842932484,3.114638779968488,4.077793722560983,3.27083521030723,2.6716203965612624,2.9281179926938745,3.0525662781129492,2.8068754016455384,3.3946949538588904,3.031984286006358,3.05453141486818,3.844663962534938
AT3G13520,4.0675262353228465,3.319664486585437,3.028260409112222,2.9208187539523753,3.2941362877160807,2.795880017344075,3.2533658010624213,3.517126416391246,2.8013429130455774,3.294992040666664,3.3615107430453626,3.9546770212133424,3.6635402661514704,3.1643094285075746,3.844663962534938
AT2G31050,3.0660068361687576,3.1191864077192086,2.812479279163537,3.555955204081924,2.8477116556169437,3.530177984021837,2.2006594505464183,2.87942606879415,4.060480747381382,3.3353580244438743,3.616184634019569,3.5543957967264026,3.7351821769904636,2.958607314841775,3.396855627379818
AT1G23720,3.3925449767853313,3.3242216583259148,3.449771646944906,3.598599459218456,2.856985199745905,2.705533773838407,3.4596705252091264,3.586700235918748,4.040958607678906,3.0310503190186573,3.869666231504994,3.669586226650809,3.2395775165767877,3.2225731776106885,3.665546248849069
AT3G24550,3.832682665251824,3.712198270069774,2.193820026016113,2.8041003475907664,3.562249437179612,3.140261433802853,3.047207556955908,3.1944991418415998,3.4775557664936803,3.191789027075778,2.7594507517174005,3.153662887870195,3.3665315444204134,2.779891911959945,4.037157318798758
AT3G54580,3.148130399270234,3.449771646944906,2.6989700043360187,3.3675427078152755,4.035740369803151,3.4056074496245734,3.632644078973981,2.906578314837765,3.876148359032914,2.8239087409443187,2.5391021572434522,3.593459819566045,3.1360826230421397,2.7304870557820835,3.899629454882437
AT1G35230,3.657577319177794,3.454692883534176,2.8297382846050425,2.906578314837765,2.4571745730408203,4.035269078946371,2.9208187539523753,3.543633966870957,2.9956786262173574,3.7166987712964503,3.563837352959244,2.5100415205751654,2.6595558851598815,2.382999658879101,3.619788758288394
AT3G01730,3.0969100130080562,3.024108863598207,3.1232050237992994,3.065501548756432,3.167491087293764,3.8477116556169437,4.009217308196862,2.987162775294828,3.7423214251308154,3.8927900303521317,3.388276691992658,3.2335871528876003,3.4436974992327127,3.3279021420642825,3.537602002101044
AT5G09520,3.8416375079047502,3.661543506395395,3.6861327796308467,3.9507819773298185,3.423658649794207,3.288192770958809,2.596879478824182,2.987162775294828,3.5654310959658013,2.5686362358410126,3.1325325121409486,3.9956786262173574,3.6635402661514704,3.05453141486818,2.9281179926938745
AT1G76930,3.6270879970298933,3.003050751504619,3.838631997765025,2.815308569182401,3.2291479883578558,3.679853713888946,3.6038006529042637,2.728158393463501,3.129596094720973,3.886056647693163,2.7594507517174005,3.9546770212133424,3.555955204081924,2.7931741239681505,3.619788758288394
AT5G40730,3.665546248849069,3.844663962534938,3.033389013318066,3.0476919903378747,2.595166283380062,3.0609802235513337,2.625251653989896,2.567030709125594,3.9507819773298185,3.1791420105603,2.701146923590293,3.4145392704914994,2.562249437179612,2.8297382846050425,3.252588192113577
AT3G49270,3.3400837999301496,2.906578314837765,3.422508200162775,3.692503962086787,3.25649023527157,3.232102383981909,2.96657624451305,2.9244530386074694,3.9507819773298185,3.4672456210075024,3.4271283977995197,3.4436974992327127,3.3306831194338877,3.258848401148215,2.9355420107730814
AT3G45230,2.9281179926938745,3.2448877336049287,3.0,3.2254830342714502,3.1890957193312994,3.2276782932770804,2.844663962534938,3.6736641390712483,3.8096683018297086,3.0809219076239263,3.1426675035687315,2.9829666607012197,3.9507819773298185,2.9706162223147903,3.252588192113577
AT5G26080,3.153662887870195,3.537602002101044,2.9507819773298185,3.9281179926938745,3.1426675035687315,3.5331323796458904,3.196542884351586,3.1694113313148558,3.9208187539523753,3.416801226031377,2.812479279163537,3.5543957967264026,3.555955204081924,2.8181564120552274,3.396855627379818
AT3G62680,3.9208187539523753,2.896196279044043,2.853871964321762,3.413412695328245,2.721246399047171,3.5900668766687054,2.728158393463501,3.3169529617611504,3.826813731587726,2.812479279163537,2.8477116556169437,3.906578314837765,3.2041199826559246,2.774690718274137,3.3115801779972895
AT1G49490,3.8827287043442356,3.9136401693252516,2.958607314841775,3.679853713888946,3.0958256317158366,3.6675615400843946,2.96657624451305,3.2628073572952627,3.2831622767004753,3.191789027075778,3.3809066693732572,3.795880017344075,3.2518119729937998,3.157390760389438,3.7423214251308154
AT5G65390,3.5421181032660076,3.7399286120149253,3.2975694635544746,3.2069083998234196,3.4672456210075024,2.835647144215563,2.393618634889395,3.6736641390712483,3.844663962534938,2.530177984021837,3.413412695328245,3.2097148359667584,3.7351821769904636,3.5590909179347823,3.899629454882437
AT1G52290,3.7721132953863266,2.679853713888946,3.0856568428805593,3.237321436272564,2.8210230527068307,3.468521082957745,3.638272163982407,3.7878123955960423,3.815308569182401,2.684029654543082,3.55129368009492,3.5114492834995557,3.3979400086720375,3.413412695328245,3.899629454882437
AT1G36150,2.779891911959945,3.1012748184105066,2.7569619513137056,3.1390633792999063,3.3872161432802645,2.703334809738469,2.4559319556497243,3.2898826348881838,3.8927900303521317,3.0560111249262283,3.413412695328245,2.6497519816658373,3.6216020990518625,3.024568191490737,3.282329496997738
AT4G13390,3.8601209135987635,3.1396619934290064,3.1804560644581312,3.560667306169737,3.6635402661514704,3.8013429130455774,3.1084625423274357,3.5783960731301687,2.869666231504994,3.6861327796308467,2.694648630553376,3.4436974992327127,3.6635402661514704,2.500312917381596,3.4190750243243806
AT1G23040,3.362510270487489,3.3010299956639813,3.2247537402597635,2.9913998282380825,3.570247719997592,3.0123337350737254,2.889410289700751,3.6038006529042637,3.370590400897281,3.7304870557820835,2.9746941347352296,3.3242216583259148,3.8041003475907664,3.721246399047171,3.252588192113577
AT3G50570,2.9430951486635273,2.9706162223147903,2.130181792020672,2.9706162223147903,3.0,2.6478174818886373,2.318758762624413,3.344861565188618,3.721246399047171,3.095284454721319,3.1643094285075746,3.153662887870195,3.09312646527793,3.5590909179347823,3.7986028756795487
AT2G22470,3.1830961606243395,3.728158393463501,2.9355420107730814,3.1390633792999063,2.826813731587726,2.94692155651658,3.207608310501746,3.2684112348132612,3.3914739664228057,2.537602002101044,3.1384655891409623,2.8297382846050425,2.6635402661514704,2.9706162223147903,2.815308569182401
AT5G35190,3.109020403010311,2.869666231504994,3.7166987712964503,2.9956786262173574,2.856985199745905,3.0168249279621873,3.1687703061329366,2.8096683018297086,3.6903698325741012,3.1214782044987937,2.567030709125594,3.3615107430453626,3.6635402661514704,3.2069083998234196,3.537602002101044
